,elapsed_time,elapsed_time,elapsed_time,elapsed_time,response_length,response_length,response_length,response_length,has_error,tokens_per_second,response_quality_score,quality_index
,mean,std,min,max,mean,std,min,max,mean,mean,mean,mean
model_name,,,,,,,,,,,,
gemini,4.3468763868014015,1.1316281528306842,2.463305640220642,5.833666825294495,1481.4,680.7921905983212,75,2751,0.05,332.384253047544,0.8978666666666667,0.7419553732647652
llama,166.27763396104177,35.52420723600276,113.95121238231658,211.41976623535157,1845.0333333333333,1155.499069910907,292,3766,0.0,11.293795890273062,0.86115,0.5069048467643322
qwen,230.9548554778099,33.15677014697665,193.81284673213958,294.0730065584183,2259.5833333333335,574.4933004482184,876,3287,0.0,9.935065137325903,0.99625,0.5680477990597671
