,elapsed_time,elapsed_time,elapsed_time,elapsed_time,response_length,response_length,response_length,response_length,has_error,tokens_per_second,response_quality_score,quality_index
,mean,std,min,max,mean,std,min,max,mean,mean,mean,mean
prompt_type,,,,,,,,,,,,
cot,112.05731440385183,86.39090043658295,2.463305640220642,222.97438340187074,1574.35,932.3125217091067,75,3249,0.05,115.53986693984088,0.8559666666666668,0.5764813956707756
hybrid_cot,138.6211036880811,98.68565798207248,5.508509945869446,239.63075342178345,2240.6,736.0782981564863,292,3410,0.0,131.3088938623511,0.97075,0.6424669327539722
standard,150.90094773372013,109.87471591028913,3.918293523788452,294.0730065584183,1771.0666666666666,887.5333150427281,423,3766,0.0,106.76435327295101,0.92855,0.5979596906641168
