,elapsed_time,elapsed_time,elapsed_time,elapsed_time,response_length,response_length,response_length,response_length,has_error,tokens_per_second,response_quality_score,quality_index
,mean,std,min,max,mean,std,min,max,mean,mean,mean,mean
model_name,,,,,,,,,,,,
gemini,4.9111425399780275,1.7549863639230074,2.760512113571167,7.177911758422852,325.2,172.62010311664167,122,549,0.0,62.361422868876915,0.6363926626139818,0.46183559756838904
llama,105.06698422431946,58.155823100293624,44.31212329864502,187.11305236816406,391.6,306.1613953456575,129,917,0.0,3.518871204277532,0.3639930029708853,0.2983958017825312
qwen,300.79835925102236,91.70089204883561,183.92504620552063,418.1638171672821,875.2,254.732604901689,565,1274,0.0,3.011114750091719,0.5741465168084245,0.40848791008505464
