,elapsed_time,elapsed_time,elapsed_time,elapsed_time,response_length,response_length,response_length,response_length,has_error,tokens_per_second,response_quality_score,quality_index
,mean,std,min,max,mean,std,min,max,mean,mean,mean,mean
prompt_type,,,,,,,,,,,,
cot,130.77149764696756,156.50352356642898,5.209619522094727,306.1091511249542,495.6666666666667,326.0771892257006,261,868,0.0,24.925670733552792,0.49533141509993034,0.6705321823932916
cot_self_consistency_3,167.51003130277,174.50928015012934,7.177911758422852,353.3818025588989,592.0,245.34261757794954,371,856,0.0,27.173390276817486,0.54,0.324
few_shot_3,96.49487153689067,128.06438157917478,2.760512113571167,242.4119791984558,272.0,253.76958052532618,122,565,0.0,16.478869466642447,0.48666666666666664,0.292
react,164.96749679247537,221.68077941659305,5.795029640197754,418.1638171672821,655.0,540.0564785279406,280,1274,0.0,25.972098181130935,0.5622222222222223,0.3373333333333333
zero_shot,124.88357941309611,105.03581039937391,3.6126396656036377,187.11305236816406,638.6666666666666,395.454590734933,186,917,0.0,20.268986047266612,0.54,0.324
