,elapsed_time,elapsed_time,elapsed_time,elapsed_time,response_length,response_length,response_length,response_length,has_error,tokens_per_second,response_quality_score,quality_index
,mean,std,min,max,mean,std,min,max,mean,mean,mean,mean
model_name,,,,,,,,,,,,
gemini,4.224443197250366,0.4388709387054456,3.9032609462738037,4.7245032787323,1317.0,493.3061929471391,951,1878,0.0,306.67542501568516,0.9836666666666667,0.7368327530342778
llama,527.4605267047882,464.7608474075795,259.0754268169403,1064.1201236248016,3115.0,159.339260698674,3007,3298,0.0,9.094764852625799,1.0,0.4926458011782459
qwen,516.121688524882,440.79820722538085,261.0226454734802,1025.1111373901367,2731.0,134.13053343664893,2590,2857,0.0,7.98121262618974,1.0,0.5370784507988655
