,elapsed_time,elapsed_time,elapsed_time,elapsed_time,response_length,response_length,response_length,response_length,has_error,tokens_per_second,response_quality_score,quality_index
,mean,std,min,max,mean,std,min,max,mean,mean,mean,mean
prompt_type,,,,,,,,,,,,
cot,175.06999015808105,148.24313389970942,3.9032609462738037,262.23128271102905,2302.6666666666665,1033.0001613423558,1122,3040,0.0,103.21922139331629,1.0,0.5819745871806355
hybrid_cot,174.97772614161173,147.44647574899156,4.7245032787323,261.0226454734802,2677.6666666666665,726.7876810550199,1878,3298,0.0,140.39065569316259,1.0,0.6286648690505167
standard,697.7589421272278,601.0899367599559,4.045565366744995,1064.1201236248016,2182.6666666666665,1086.8414481116063,951,3007,0.0,80.14152540802182,0.9836666666666667,0.5559175487802371
