,model_name,prompt_type,elapsed_time,response_length,has_error,tokens_per_second,response_quality_score,quality_index
0,gemini,standard,4.512273788452148,1156.4,0.0,256.27877522846,0.9432,0.7220466449026685
1,llama,standard,24.807087850570678,625.2,0.0,25.202474541388682,0.5708,0.40344128842371096
2,qwen,standard,104.58349843025208,2610.2,0.0,24.95804825022919,1.0,0.6109455502921961
