,elapsed_time,elapsed_time,elapsed_time,elapsed_time,response_length,response_length,response_length,response_length,has_error,tokens_per_second,response_quality_score,quality_index
,mean,std,min,max,mean,std,min,max,mean,mean,mean,mean
model_name,,,,,,,,,,,,
gemini,4.512273788452148,0.0,4.512273788452148,4.512273788452148,1156.4,322.2208869704135,716,1553,0.0,256.27877522846,0.9432,0.7220466449026685
llama,24.807087850570678,0.0,24.807087850570678,24.807087850570678,625.2,391.02902705553714,330,1272,0.0,25.202474541388682,0.5708,0.40344128842371096
qwen,104.58349843025208,0.0,104.58349843025208,104.58349843025208,2610.2,461.21762759027325,2090,3132,0.0,24.95804825022919,1.0,0.6109455502921961
