,elapsed_time,elapsed_time,elapsed_time,elapsed_time,response_length,response_length,response_length,response_length,has_error,tokens_per_second,response_quality_score,quality_index
,mean,std,min,max,mean,std,min,max,mean,mean,mean,mean
model_name,,,,,,,,,,,,
llama,48.89329785108566,43.193216254320525,24.450622081756592,113.39551615715027,1124.5,960.6041501749477,518,2555,0.0,23.33077432430459,0.73575,0.4565781175589561
qwen,272.038150370121,332.2514402599549,101.81147170066833,770.3628172874451,3002.0,807.5175952675376,2469,4184,0.0,23.398734009297737,1.0,0.6128008824758839
