,elapsed_time,elapsed_time,elapsed_time,elapsed_time,response_length,response_length,response_length,response_length,has_error,tokens_per_second,response_quality_score,quality_index
,mean,std,min,max,mean,std,min,max,mean,mean,mean,mean
prompt_type,,,,,,,,,,,,
hybrid,63.86622369289398,55.74207836756531,24.450622081756592,103.28182530403137,1548.0,1302.4906909456206,627,2469,0.0,24.774491875141344,0.8135,0.534442145127912
unknown,235.19658941030502,358.97652192873215,24.585808038711548,770.3628172874451,1667.75,1180.6807005565336,518,2857,0.0,18.435432254550367,0.829,0.5152833339205083
zero_shot,107.6034939289093,8.19115638874481,101.81147170066833,113.39551615715027,3369.5,1151.876946552886,2555,4184,0.0,31.81366028296257,1.0,0.5737491871007516
