,model_name,prompt_type,elapsed_time,response_length,has_error,tokens_per_second,response_quality_score,quality_index
0,gemini,standard,4.072982549667358,343.0,0.0,84.2134715327992,0.68,0.40800000000000003
1,llama,standard,118.19826436042786,334.0,0.0,2.825760613383604,0.15000000000000002,0.09000000000000001
2,qwen,standard,105.84390497207642,335.0,0.0,3.165038176627924,0.78,0.46799999999999997
