,elapsed_time,elapsed_time,elapsed_time,elapsed_time,response_length,response_length,response_length,response_length,has_error,tokens_per_second,response_quality_score,quality_index
,mean,std,min,max,mean,std,min,max,mean,mean,mean,mean
model_name,,,,,,,,,,,,
gemini,4.072982549667358,,4.072982549667358,4.072982549667358,343.0,,343,343,0.0,84.2134715327992,0.68,0.40800000000000003
llama,118.19826436042786,,118.19826436042786,118.19826436042786,334.0,,334,334,0.0,2.825760613383604,0.15000000000000002,0.09000000000000001
qwen,105.84390497207642,,105.84390497207642,105.84390497207642,335.0,,335,335,0.0,3.165038176627924,0.78,0.46799999999999997
