,model_name,prompt_type,elapsed_time,response_length,has_error,tokens_per_second,response_quality_score,quality_index
0,gemini,cot,5.878927326202392,312.0,0.0,53.07090608339642,0.5688552270479443,0.7253131362287666
1,gemini,cot_self_consistency_3,6.926040363311768,425.6,0.0,61.449252050921395,0.49000000000000005,0.294
2,gemini,few_shot_3,4.351032781600952,155.4,0.0,35.71565828166915,0.534,0.32039999999999996
3,gemini,react,6.291967582702637,376.0,0.0,59.75873128044532,0.426,0.2556
4,gemini,zero_shot,4.139213228225708,167.8,0.0,40.53910507817163,0.544,0.3264
