,elapsed_time,elapsed_time,elapsed_time,elapsed_time,response_length,response_length,response_length,response_length,has_error,tokens_per_second,response_quality_score,quality_index
,mean,std,min,max,mean,std,min,max,mean,mean,mean,mean
prompt_type,,,,,,,,,,,,
cot,5.878927326202392,0.0,5.878927326202392,5.878927326202392,312.0,59.67411499134277,241,381,0.0,53.07090608339642,0.5688552270479443,0.7253131362287666
cot_self_consistency_3,6.926040363311768,0.0,6.926040363311768,6.926040363311768,425.6,65.86197689107122,360,519,0.0,61.449252050921395,0.49000000000000005,0.294
few_shot_3,4.351032781600952,0.0,4.351032781600952,4.351032781600952,155.4,67.9323192596867,54,219,0.0,35.71565828166915,0.534,0.32039999999999996
react,6.291967582702637,0.0,6.291967582702637,6.291967582702637,376.0,129.4314490377049,259,558,0.0,59.75873128044532,0.426,0.2556
zero_shot,4.139213228225708,0.0,4.139213228225708,4.139213228225708,167.8,100.79533719374126,45,296,0.0,40.53910507817163,0.544,0.3264
