,model_name,prompt_type,elapsed_time,response_length,has_error,tokens_per_second,response_quality_score,quality_index
0,gemini,cot,4.5245948195457455,1492.6,0.0,329.71758545623476,0.9853500000000001,0.7775665216080985
1,gemini,standard,4.761902010440826,1401.0,0.0,292.7650930382934,0.9513999999999999,0.7462992034622705
2,llama,cot,120.81459349393845,1480.2,0.0,12.262887034584343,0.8613500000000001,0.5016970053512887
3,llama,standard,163.00342552661897,1599.3,0.0,10.013145052973297,0.8251,0.4751831630813353
4,qwen,cot,230.27333085536958,2458.1,0.0,10.67878666521246,1.0,0.5798413311517261
5,qwen,standard,265.5075001955032,2164.75,0.0,8.302796312090601,1.0,0.5581570019456461
