,elapsed_time,elapsed_time,elapsed_time,elapsed_time,response_length,response_length,response_length,response_length,has_error,tokens_per_second,response_quality_score,quality_index
,mean,std,min,max,mean,std,min,max,mean,mean,mean,mean
model_name,,,,,,,,,,,,
gemini,4.643248414993286,0.4864762479690279,4.047272849082947,5.215213942527771,1446.8,426.9970395621869,596,2170,0.0,311.2413392472641,0.968375,0.7619328625351846
llama,141.9090095102787,34.57409431560327,89.15024094581604,183.94113311767578,1539.75,1080.3412981612896,376,3579,0.0,11.138016043778821,0.843225,0.488440084216312
qwen,247.8904155254364,28.02615577229209,228.09885828495027,295.61075365543365,2311.425,511.0236026211485,1262,3280,0.0,9.49079148865153,1.0,0.5689991665486861
