,elapsed_time,elapsed_time,elapsed_time,elapsed_time,response_length,response_length,response_length,response_length,has_error,tokens_per_second,response_quality_score,quality_index
,mean,std,min,max,mean,std,min,max,mean,mean,mean,mean
prompt_type,,,,,,,,,,,,
cot,118.53750638961792,94.77289712857248,4.047272849082947,232.4478034257889,1810.3,863.5492252366274,425,3579,0.0,117.55308638534386,0.9489,0.619701619370371
standard,144.42427591085433,110.24888584218866,4.308590078353882,295.61075365543365,1721.6833333333334,787.6535307248209,376,3405,0.0,103.69367813445243,0.9255,0.5932131228297507
