,model_name,prompt_type,elapsed_time,response_length,has_error,tokens_per_second,response_quality_score,quality_index
0,gemini,cot,4.196819543838501,213.0,0.0,50.75271828466221,0.6929625925925926,0.8157775555555555
1,gemini,cot_self_consistency_3,3.317858934402466,235.0,0.0,70.8288099784214,0.36000000000000004,0.21600000000000003
2,gemini,few_shot_3,1.2206342220306396,37.0,0.0,30.31211097657661,0.36000000000000004,0.21600000000000003
3,gemini,react,3.738800287246704,263.0,0.0,70.34342029369968,0.0,0.0
4,gemini,zero_shot,1.2590758800506592,37.0,0.0,29.38663235968852,0.36000000000000004,0.21600000000000003
