,elapsed_time,elapsed_time,elapsed_time,elapsed_time,response_length,response_length,response_length,response_length,has_error,tokens_per_second,response_quality_score,quality_index
,mean,std,min,max,mean,std,min,max,mean,mean,mean,mean
prompt_type,,,,,,,,,,,,
cot,4.196819543838501,,4.196819543838501,4.196819543838501,213.0,,213,213,0.0,50.75271828466221,0.6929625925925926,0.8157775555555555
cot_self_consistency_3,3.317858934402466,,3.317858934402466,3.317858934402466,235.0,,235,235,0.0,70.8288099784214,0.36000000000000004,0.21600000000000003
few_shot_3,1.2206342220306396,,1.2206342220306396,1.2206342220306396,37.0,,37,37,0.0,30.31211097657661,0.36000000000000004,0.21600000000000003
react,3.738800287246704,,3.738800287246704,3.738800287246704,263.0,,263,263,0.0,70.34342029369968,0.0,0.0
zero_shot,1.2590758800506592,,1.2590758800506592,1.2590758800506592,37.0,,37,37,0.0,29.38663235968852,0.36000000000000004,0.21600000000000003
