,elapsed_time,elapsed_time,elapsed_time,elapsed_time,response_length,response_length,response_length,response_length,has_error,tokens_per_second,response_quality_score,quality_index
,mean,std,min,max,mean,std,min,max,mean,mean,mean,mean
model_name,,,,,,,,,,,,
gemini,4.689165949821472,0.0,4.689165949821472,4.689165949821472,322.5,280.72139213105936,124,521,0.0,68.77555698626497,0.68,0.40800000000000003
llama,112.37166428565979,0.0,112.37166428565979,112.37166428565979,240.5,127.9863273947651,150,331,0.0,2.140219258376608,0.05,0.03
qwen,113.85143375396729,0.0,113.85143375396729,113.85143375396729,292.0,33.94112549695428,268,316,0.0,2.5647459181850216,0.41500000000000004,0.249
