,model_name,prompt_type,elapsed_time,response_length,has_error,tokens_per_second,response_quality_score,quality_index
0,gemini,standard,4.503185749053955,248.0,0.0,55.07212311908313,0.41000000000000003,0.246
1,llama,standard,95.26731514930725,338.0,0.0,3.547911468589947,0.4766666666666667,0.286
2,qwen,standard,211.74823188781738,495.0,0.0,2.3376818573023423,0.41000000000000003,0.246
