,elapsed_time,elapsed_time,elapsed_time,elapsed_time,response_length,response_length,response_length,response_length,has_error,tokens_per_second,response_quality_score,quality_index
,mean,std,min,max,mean,std,min,max,mean,mean,mean,mean
model_name,,,,,,,,,,,,
gemini,4.503185749053955,,4.503185749053955,4.503185749053955,248.0,,248,248,0.0,55.07212311908313,0.41000000000000003,0.246
llama,95.26731514930725,,95.26731514930725,95.26731514930725,338.0,,338,338,0.0,3.547911468589947,0.4766666666666667,0.286
qwen,211.74823188781738,,211.74823188781738,211.74823188781738,495.0,,495,495,0.0,2.3376818573023423,0.41000000000000003,0.246
