,model_name,prompt_type,elapsed_time,response_length,has_error,tokens_per_second,response_quality_score,quality_index
0,gemini,cot,4.480000257492065,1121.0,0.0,250.2231999039088,1.0,0.7216604477611941
1,gemini,hybrid_cot,5.562871694564819,1794.0,0.0,322.49530431428434,1.0,0.8546945927903872
2,gemini,standard,3.953082323074341,996.0,0.0,251.95528921477242,0.996,0.6981987179487179
3,llama,cot,95.6308798789978,950.0,0.0,9.934029690012675,0.95,0.5678890100850901
4,llama,hybrid_cot,107.67573809623718,1104.0,0.0,10.253006104432547,1.0,0.5065509014069914
5,llama,standard,2867.1667115688324,819.0,0.0,0.2856478476453385,0.819,0.39504745295244664
6,qwen,cot,240.51908111572266,2579.0,0.0,10.722641995955188,1.0,0.5842064228405255
7,qwen,hybrid_cot,208.8438377380371,2016.0,0.0,9.65314572761666,1.0,0.58898625938077
8,qwen,standard,961.4875884056091,1664.0,0.0,1.730651565413689,1.0,0.5486235039135342
