,elapsed_time,elapsed_time,elapsed_time,elapsed_time,response_length,response_length,response_length,response_length,has_error,tokens_per_second,response_quality_score,quality_index
,mean,std,min,max,mean,std,min,max,mean,mean,mean,mean
model_name,,,,,,,,,,,,
gemini,4.665318091710408,0.8207389840262619,3.953082323074341,5.562871694564819,1303.6666666666667,429.2159518626181,996,1794,0.0,274.89126447765517,0.9986666666666667,0.7581845861667663
llama,1023.4911098480225,1596.681265293049,95.6308798789978,2867.1667115688324,957.6666666666666,142.6545945048155,819,1104,0.0,6.824227880696853,0.923,0.48982912148150937
qwen,470.2835024197896,425.689935079081,208.8438377380371,961.4875884056091,2086.3333333333335,461.5369252111182,1664,2579,0.0,7.368813096328513,1.0,0.5739387287116099
