,elapsed_time,elapsed_time,elapsed_time,elapsed_time,response_length,response_length,response_length,response_length,has_error,tokens_per_second,response_quality_score,quality_index
,mean,std,min,max,mean,std,min,max,mean,mean,mean,mean
prompt_type,,,,,,,,,,,,
cot,113.54332041740417,119.0346738040267,4.480000257492065,240.51908111572266,1550.0,895.2323720688389,950,2579,0.0,90.29329052995888,0.9833333333333334,0.6245852935622699
hybrid_cot,107.36081584294637,101.64084892852405,5.562871694564819,208.8438377380371,1638.0,475.5922623424397,1104,2016,0.0,114.13381871544452,1.0,0.6500772511927162
standard,1277.5357940991719,1457.5365940230306,3.953082323074341,2867.1667115688324,1159.6666666666667,445.6414852023242,819,1664,0.0,84.65719620927715,0.9383333333333334,0.5472898916048995
